<?xml version="1.0" encoding="UTF-8"?>
<l:dependencies xmlns:l='licenses' groupId='org.jenkins-ci.main' artifactId='jenkins-war' version='1.495'><l:dependency name='Jenkins war' groupId='org.jenkins-ci.main' artifactId='jenkins-war' version='1.495' url='http://jenkins-ci.org/pom/jenkins-war/'><l:description>Creates a war file. Also includes additional static web resources, such as images, CSS, JavaScript, and
    some HTML files.</l:description><l:license name='The MIT license' url='http://www.opensource.org/licenses/mit-license.php'/></l:dependency><l:dependency name='args4j' groupId='args4j' artifactId='args4j' version='2.0.16' url='http://args4j.dev.java.net/args4j/'><l:description>args4j : Java command line arguments parser</l:description><l:license name='MIT License' url='http://www.opensource.org/licenses/mit-license.php'/></l:dependency><l:dependency name='Acegi Security Core' groupId='org.acegisecurity' artifactId='acegi-security' version='1.0.5' url='http://acegisecurity.org/acegi-security/'><l:description>Acegi Security System for Spring</l:description><l:license name='The Apache Software License, Version 2.0' url='http://www.apache.org/licenses/LICENSE-2.0.txt'/></l:dependency><l:dependency name='Apache Ant Launcher' groupId='org.apache.ant' artifactId='ant-launcher' version='1.8.3' url='http://ant.apache.org/ant-launcher/'><l:description>master POM</l:description><l:license name='The Apache Software License, Version 2.0' url='http://www.apache.org/licenses/LICENSE-2.0.txt'/></l:dependency><l:dependency name='Bouncy Castle Provider' groupId='org.bouncycastle' artifactId='bcprov-jdk15on' version='1.47' url='http://www.bouncycastle.org/java.html'><l:description>The Bouncy Castle Crypto package is a Java implementation of cryptographic algorithms. This jar contains JCE provider and lightweight API for the Bouncy Castle Cryptography APIs for JDK 1.5 to JDK 1.7.</l:description><l:license name='Bouncy Castle Licence' url='http://www.bouncycastle.org/licence.html'/></l:dependency><l:dependency name='oro' groupId='oro' artifactId='oro' version='2.0.8' url=''><l:description/><l:license name='The Apache Software License, Version 2.0' url='http://www.apache.org/licenses/LICENSE-2.0.txt'/></l:dependency><l:dependency name='txw2' groupId='com.sun.xml.txw2' artifactId='txw2' version='20070624' url=''><l:description/><l:license name='CDDL' url='http://www.sun.com/cddl/'/></l:dependency><l:dependency name='StAX API' groupId='stax' artifactId='stax-api' version='1.0.1' url='http://stax.codehaus.org/'><l:description>StAX API is the standard java XML processing API defined by JSR-173</l:description><l:license name='The Apache Software License, Version 2.0' url='http://www.apache.org/licenses/LICENSE-2.0.txt'/></l:dependency><l:dependency name='jinterop-proxy' groupId='org.kohsuke.jinterop' artifactId='jinterop-proxy' version='1.1' url=''><l:description/><l:license name='MIT license' url='http://www.opensource.org/licenses/mit-license.php'/></l:dependency><l:dependency name='Stapler' groupId='org.kohsuke.stapler' artifactId='stapler' version='1.199' url='http://stapler.kohsuke.org/stapler/'><l:description>Stapler HTTP request handling engine</l:description><l:license name='2-clause BSD license' url='http://opensource.org/licenses/bsd-license.php'/></l:dependency><l:dependency name='jansi' groupId='org.fusesource.jansi' artifactId='jansi' version='1.6' url='http://jansi.fusesource.org/jansi'><l:description>Jansi is a java library for generating and interpreting ANSI escape sequences.</l:description><l:license name='The Apache Software License, Version 2.0' url='http://www.apache.org/licenses/LICENSE-2.0.txt'/></l:dependency><l:dependency name='SSH CLI client authenticator' groupId='org.jenkins-ci.modules' artifactId='ssh-cli-auth' version='1.2' url='http://jenkins-ci.org/plugin/ssh-cli-auth/'><l:description>Use the SSH private key on the client to authenticate the CLI clients</l:description><l:license name='MIT License' url='http://jenkins-ci.org/mit-license'/></l:dependency><l:dependency name='memory-monitor' groupId='org.jenkins-ci' artifactId='memory-monitor' version='1.7' url='http://jenkins-ci.org/memory-monitor/'><l:description>Code for monitoring memory/swap usage</l:description><l:license name='MIT License' url='http://jenkins-ci.org/mit-license'/></l:dependency><l:dependency name='commons-jelly-tags-xml' groupId='commons-jelly' artifactId='commons-jelly-tags-xml' version='1.1' url='http://jakarta.apache.org/commons/jelly/libs/xml/index.html'><l:description>The Jelly XML Tag Library</l:description><l:license name='The Apache Software License, Version 2.0' url='http://www.apache.org/licenses/LICENSE-2.0.txt'/></l:dependency><l:dependency name='CodeMirror library from http://codemirror.net/' groupId='org.kohsuke.stapler' artifactId='stapler-adjunct-codemirror' version='1.1' url=''><l:description/><l:license name='MIT License' url='http://codemirror.net/LICENSE'/></l:dependency><l:dependency name='Spring Framework: DAO' groupId='org.springframework' artifactId='spring-dao' version='1.2.9' url='http://www.springframework.org'><l:description>Spring Framework: DAO</l:description><l:license name='The Apache Software License, Version 2.0' url='http://www.apache.org/licenses/LICENSE-2.0.txt'/></l:dependency><l:dependency name='JLine' groupId='jline' artifactId='jline' version='0.9.94' url='http://jline.sourceforge.net'><l:description>JLine is a java library for reading and editing user input in console applications. It features tab-completion, command history, password masking, customizable keybindings, and pass-through handlers to use to chain to other console applications.</l:description><l:license name='BSD' url='LICENSE.txt'/></l:dependency><l:dependency name='Java binding for libpam.so' groupId='org.kohsuke' artifactId='libpam4j' version='1.6' url='http://kohsuke.org/libpam4j/'><l:description>Java binding for libpam.so</l:description><l:license name='The MIT license' url='http://www.opensource.org/licenses/mit-license.php'/></l:dependency><l:dependency name='Spring Framework: Context' groupId='org.springframework' artifactId='spring-context' version='2.5' url='http://www.springframework.org'><l:description>Spring Framework: Context</l:description><l:license name='The Apache Software License, Version 2.0' url='http://www.apache.org/licenses/LICENSE-2.0.txt'/></l:dependency><l:dependency name='HttpClient' groupId='commons-httpclient' artifactId='commons-httpclient' version='3.1' url='http://jakarta.apache.org/httpcomponents/httpclient-3.x/'><l:description>The HttpClient  component supports the client-side of RFC 1945 (HTTP/1.0)  and RFC 2616 (HTTP/1.1) , several related specifications (RFC 2109 (Cookies) , RFC 2617 (HTTP Authentication) , etc.), and provides a framework by which new request types (methods) or HTTP extensions can be created easily.</l:description><l:license name='Apache License' url='http://www.apache.org/licenses/LICENSE-2.0'/></l:dependency><l:dependency name='winp' groupId='org.jvnet.winp' artifactId='winp' version='1.14' url=''><l:description>Kill process tree in Windows</l:description><l:license name='MIT license' url='http://www.opensource.org/licenses/mit-license.php'/></l:dependency><l:dependency name='jbcrypt' groupId='org.mindrot' artifactId='jbcrypt' version='0.3m' url='http://www.mindrot.org/'><l:description>jBCrypt is a Java implementation of OpenBSD's Blowfish password hashing code, as described in A Future-Adaptable Password Scheme by Niels Provos and David Mazières, by Damien Miller.</l:description><l:license name='ISC/BSD License' url=''/></l:dependency><l:dependency name='Apache Ant Core' groupId='org.apache.ant' artifactId='ant' version='1.8.3' url='http://ant.apache.org/ant/'><l:description>master POM</l:description><l:license name='The Apache Software License, Version 2.0' url='http://www.apache.org/licenses/LICENSE-2.0.txt'/></l:dependency><l:dependency name='libzfs-java' groupId='org.jvnet.libzfs' artifactId='libzfs' version='0.5' url='https://zfs.dev.java.net/'><l:description>libzfs for Java</l:description><l:license name='COMMON DEVELOPMENT AND DISTRIBUTION LICENSE' url='http://www.opensource.org/licenses/cddl1.txt'/></l:dependency><l:dependency name='Ganymed SSH2 for Java' groupId='org.jenkins-ci' artifactId='trilead-ssh2' version='build214-jenkins-1' url='http://www.ganymed.ethz.ch/ssh2/'><l:description>Ganymed SSH2 for Java is a library which implements the SSH-2 protocol in pure Java</l:description><l:license name='BSD style license' url='http://www.ganymed.ethz.ch/ssh2/LICENSE.txt'/></l:dependency><l:dependency name='Stapler Jelly module' groupId='org.kohsuke.stapler' artifactId='stapler-jelly' version='1.199' url='http://stapler.kohsuke.org/stapler-jelly/'><l:description>Jelly binding for Stapler</l:description><l:license name='2-clause BSD license' url='http://opensource.org/licenses/bsd-license.php'/></l:dependency><l:dependency name='jcommon' groupId='jfree' artifactId='jcommon' version='1.0.12' url='http://www.jfree.org/jcommon/'><l:description>JCommon is a free general purpose Java class library that is used in several projects at www.jfree.org,
        including JFreeChart and JFreeReport.</l:description><l:license name='GNU Lesser General Public Licence' url='http://www.gnu.org/licenses/lgpl.txt'/></l:dependency><l:dependency name='windows-remote-command' groupId='org.jenkins-ci' artifactId='windows-remote-command' version='1.3' url='http://jenkins-ci.org/windows-remote-command/'><l:description>Executes a command remotely on Windows.</l:description><l:license name='MIT License' url='http://jenkins-ci.org/mit-license'/></l:dependency><l:dependency name='log4j' groupId='log4j' artifactId='log4j' version='1.2.9' url=''><l:description/><l:license name='The Apache Software License, Version 2.0' url='http://www.apache.org/licenses/LICENSE-2.0.txt'/></l:dependency><l:dependency name='SSH server' groupId='org.jenkins-ci.modules' artifactId='sshd' version='1.4' url='http://jenkins-ci.org/plugin/sshd/'><l:description>Adds SSH server functionality to Jenkins, exposing CLI commands through it</l:description><l:license name='MIT License' url='http://jenkins-ci.org/mit-license'/></l:dependency><l:dependency name='Jenkins CLI' groupId='org.jenkins-ci.main' artifactId='cli' version='1.495' url='http://jenkins-ci.org/pom/cli/'><l:description>The module that constitutes the main jenkins.war</l:description><l:license name='The MIT license' url='http://www.opensource.org/licenses/mit-license.php'/></l:dependency><l:dependency name='Timeline component at http://code.google.com/p/zeroclipboard/' groupId='org.kohsuke.stapler' artifactId='stapler-adjunct-zeroclipboard' version='1.0.7-1' url=''><l:description/><l:license name='MIT License' url='http://www.opensource.org/licenses/mit-license.php'/></l:dependency><l:dependency name='Spring Framework: Beans' groupId='org.springframework' artifactId='spring-beans' version='2.5' url='http://www.springframework.org'><l:description>Spring Framework: Beans</l:description><l:license name='The Apache Software License, Version 2.0' url='http://www.apache.org/licenses/LICENSE-2.0.txt'/></l:dependency><l:dependency name='PuTTY support for Trilead SSH2 library' groupId='org.kohsuke' artifactId='trilead-putty-extension' version='1.2' url='http://trilead-putty-extension.kohsuke.org/'><l:description>Loads SSH key in the PuTTY format</l:description><l:license name='MIT license' url='http://www.opensource.org/licenses/mit-license.php'/></l:dependency><l:dependency name='Jenkins remoting layer' groupId='org.jenkins-ci.main' artifactId='remoting' version='2.19' url='http://jenkins-ci.org/remoting/'><l:description>Contains the bootstrap code to bridge separate JVMs into a single semi-shared space.
    Reusable outside Jenkins.</l:description><l:license name='The MIT license' url='http://www.opensource.org/licenses/mit-license.php'/></l:dependency><l:dependency name='Commons IO' groupId='commons-io' artifactId='commons-io' version='1.4' url='http://commons.apache.org/io/'><l:description>Commons-IO contains utility classes, stream implementations, file filters, file comparators and endian classes.</l:description><l:license name='The Apache Software License, Version 2.0' url='http://www.apache.org/licenses/LICENSE-2.0.txt'/></l:dependency><l:dependency name='XStream Core' groupId='org.jvnet.hudson' artifactId='xstream' version='1.3.1-jenkins-11' url=''><l:description/><l:license name='BSD style' url='http://xstream.codehaus.com/license.html'/></l:dependency><l:dependency name='Sisu Guice - Core Library' groupId='org.sonatype.sisu' artifactId='sisu-guice' version='3.1.0' url='http://code.google.com/p/google-guice/sisu-guice/'><l:description>Patched build of Guice: a lightweight dependency injection framework for Java 5 and above</l:description><l:license name='The Apache Software License, Version 2.0' url='http://www.apache.org/licenses/LICENSE-2.0.txt'/></l:dependency><l:dependency name='commons-jelly-tags-fmt' groupId='commons-jelly' artifactId='commons-jelly-tags-fmt' version='1.0' url=''><l:description/><l:license name='The Apache Software License, Version 2.0' url='http://www.apache.org/licenses/LICENSE-2.0.txt'/></l:dependency><l:dependency name='Commons Lang' groupId='commons-lang' artifactId='commons-lang' version='2.4' url='http://commons.apache.org/lang/'><l:description>Commons Lang, a package of Java utility classes for the
        classes that are in java.lang's hierarchy, or are considered to be so
        standard as to justify existence in java.lang.</l:description><l:license name='The Apache Software License, Version 2.0' url='http://www.apache.org/licenses/LICENSE-2.0.txt'/></l:dependency><l:dependency name='Stapler JRebel module' groupId='org.kohsuke.stapler' artifactId='stapler-jrebel' version='1.199' url='http://stapler.kohsuke.org/stapler-jrebel/'><l:description>JRebel reloading support for Stapler</l:description><l:license name='2-clause BSD license' url='http://opensource.org/licenses/bsd-license.php'/></l:dependency><l:dependency name='Commons Codec' groupId='commons-codec' artifactId='commons-codec' version='1.4' url='http://commons.apache.org/codec/'><l:description>The codec package contains simple encoder and decoders for
     various formats such as Base64 and Hexadecimal.  In addition to these
     widely used encoders and decoders, the codec package also maintains a
     collection of phonetic encoding utilities.</l:description><l:license name='The Apache Software License, Version 2.0' url='http://www.apache.org/licenses/LICENSE-2.0.txt'/></l:dependency><l:dependency name='Timeline component at http://www.simile-widgets.org/timeline/' groupId='org.kohsuke.stapler' artifactId='stapler-adjunct-timeline' version='1.3' url=''><l:description>A collection of libaries for packaging 3rd party JavaScript libraries as adjuncts</l:description><l:license name='BSD License' url='http://simile.mit.edu/license.html'/></l:dependency><l:dependency name='SezPoz Library' groupId='net.java.sezpoz' artifactId='sezpoz' version='1.9' url='http://sezpoz.java.net/sezpoz/'><l:description>SezPoz is a lightweight and simple-to-learn library that lets you perform modular service lookups.</l:description><l:license name='CDDL' url='http://www.sun.com/cddl/'/></l:dependency><l:dependency name='jstl' groupId='javax.servlet' artifactId='jstl' version='1.1.0' url=''><l:description/><l:license name='CDDL' url='http://www.sun.com/cddl/'/></l:dependency><l:dependency name='Winstone' groupId='org.jenkins-ci' artifactId='winstone' version='0.9.10-jenkins-40' url='http://winstone.sourceforge.net/'><l:description>Winstone is a servlet container that was written out of a desire to provide servlet functionality without the bloat that full J2EE compliance introduces.</l:description><l:license name='GNU Lesser General Public License version 2.1' url='http://www.gnu.org/licenses/lgpl.html'/><l:license name='COMMON DEVELOPMENT AND DISTRIBUTION LICENSE (CDDL) Version 1.0' url='http://www.sun.com/cddl/cddl.html'/></l:dependency><l:dependency name='Apache Mina SSHD :: Core' groupId='org.apache.sshd' artifactId='sshd-core' version='0.6.0' url='http://www.apache.org/sshd/sshd-core/'><l:description>The Apache Software Foundation provides support for the Apache community of open-source software projects.
    The Apache projects are characterized by a collaborative, consensus based development process, an open and
    pragmatic software license, and a desire to create high quality software that leads the way in its field.
    We consider ourselves not simply a group of projects sharing a server, but rather a community of developers
    and users.</l:description><l:license name='Apache 2.0 License' url='http://www.apache.org/licenses/LICENSE-2.0'/></l:dependency><l:dependency name='Localizer' groupId='org.jvnet.localizer' artifactId='localizer' version='1.10' url=''><l:description/><l:license name='MIT License' url='http://www.opensource.org/licenses/mit-license.php'/></l:dependency><l:dependency name='Digester' groupId='commons-digester' artifactId='commons-digester' version='1.7' url='http://jakarta.apache.org/commons/digester/'><l:description>The Digester package lets you configure an XML-&gt;Java object mapping module
    which triggers certain actions called rules whenever a particular 
    pattern of nested XML elements is recognized.</l:description><l:license name='The Apache Software License, Version 2.0' url='/LICENSE.txt'/></l:dependency><l:dependency name='ezmorph' groupId='net.sf.ezmorph' artifactId='ezmorph' version='1.0.3' url='http://ezmorph.sourceforge.net'><l:description>Simple java library for transforming an Object to another Object.</l:description><l:license name='The Apache Software License, Version 2.0' url='http://www.apache.org/licenses/LICENSE-2.0.txt'/></l:dependency><l:dependency name='Upstart slave installer' groupId='org.jenkins-ci.modules' artifactId='upstart-slave-installer' version='1.1' url='http://jenkins-ci.org/plugin/upstart-slave-installer/'><l:description>Installs a slave agent as upstart service</l:description><l:license name='MIT License' url='http://jenkins-ci.org/mit-license'/></l:dependency><l:dependency name='JTidy' groupId='org.jvnet.hudson' artifactId='jtidy' version='4aug2000r7-dev-hudson-1' url='http://jtidy.sourceforge.net'><l:description>JTidy is a Java port of HTML Tidy, a HTML syntax checker and pretty printer. Like its non-Java cousin,
    JTidy can be used as a tool for cleaning up malformed and faulty HTML. In addition, JTidy provides a DOM parser
    for real-world HTML.
  
    Hudson modifications:
    =====================
    Removed SAX APIs</l:description><l:license name='Java HTML Tidy License' url='http://svn.sourceforge.net/viewvc/*checkout*/jtidy/trunk/jtidy/LICENSE.txt?revision=95'/></l:dependency><l:dependency name='asm3' groupId='org.kohsuke' artifactId='asm3' version='3.3.0' url='http://kohsuke.org/'><l:description>ObjectWeb ASM package-renamed to isolate incompatibilities between major versions</l:description><l:license name='BSD License' url='http://asm.ow2.org/license.html'/></l:dependency><l:dependency name='Woodstox' groupId='org.codehaus.woodstox' artifactId='wstx-asl' version='3.2.7' url='http://woodstox.codehaus.org'><l:description>Woodstox is a high-performance XML processor that implements Stax (JSR-173) API</l:description><l:license name='The Apache Software License, Version 2.0' url='http://www.apache.org/licenses/LICENSE-2.0.txt'/></l:dependency><l:dependency name='JNA-POSIX' groupId='org.jruby.ext.posix' artifactId='jna-posix' version='1.0.3' url=''><l:description>Common cross-project/cross-platform POSIX APIs</l:description><l:license name='GNU Lesser General Public License Version 2.1' url='http://www.gnu.org/licenses/lgpl.html'/></l:dependency><l:dependency name='Utility around Java Crypto API' groupId='org.jenkins-ci' artifactId='crypto-util' version='1.1' url='http://jenkins-ci.org/crypto-util/'><l:description/><l:license name='MIT License' url='http://jenkins-ci.org/mit-license'/></l:dependency><l:dependency name='Discovery' groupId='commons-discovery' artifactId='commons-discovery' version='0.4' url='http://jakarta.apache.org/commons/${pom.artifactId.substring(8)}/'><l:description>Commons Discovery</l:description><l:license name='The Apache Software License, Version 2.0' url='/LICENSE.txt'/></l:dependency><l:dependency name='Spring Framework: AOP' groupId='org.springframework' artifactId='spring-aop' version='2.5' url='http://www.springframework.org'><l:description>Spring Framework: AOP</l:description><l:license name='The Apache Software License, Version 2.0' url='http://www.apache.org/licenses/LICENSE-2.0.txt'/></l:dependency><l:dependency name='Stapler Groovy module' groupId='org.kohsuke.stapler' artifactId='stapler-groovy' version='1.199' url='http://stapler.kohsuke.org/stapler-groovy/'><l:description>Groovy binding for Stapler</l:description><l:license name='2-clause BSD license' url='http://opensource.org/licenses/bsd-license.php'/></l:dependency><l:dependency name='MXP1: Xml Pull Parser 3rd Edition (XPP3)' groupId='xpp3' artifactId='xpp3_min' version='1.1.4c' url='http://www.extreme.indiana.edu/xgws/xsoap/xpp/mxp1/'><l:description>MXP1 is a stable XmlPull parsing engine that is based on ideas from XPP and in particular XPP2 but completely revised and rewritten to take the best advantage of latest JIT JVMs such as Hotspot in JDK 1.4+.</l:description><l:license name='Indiana University Extreme! Lab Software License, vesion 1.1.1' url='http://www.extreme.indiana.edu/viewcvs/~checkout~/XPP3/java/LICENSE.txt'/><l:license name='Public Domain' url='http://creativecommons.org/licenses/publicdomain'/></l:dependency><l:dependency name='SLF4J API Module' groupId='org.slf4j' artifactId='slf4j-api' version='1.6.2' url='http://www.slf4j.org'><l:description>The slf4j API</l:description><l:license name='MIT License' url='http://www.opensource.org/licenses/mit-license.php'/></l:dependency><l:dependency name='Custom Acess Modifier annotations' groupId='org.kohsuke' artifactId='access-modifier-annotation' version='1.0' url=''><l:description>Extensible application-specific access modifiers for Java</l:description><l:license name='MIT License' url='http://www.opensource.org/licenses/mit-license.php'/></l:dependency><l:dependency name='Commons BeanUtils' groupId='commons-beanutils' artifactId='commons-beanutils' version='1.8.0' url='http://commons.apache.org/beanutils/'><l:description>BeanUtils provides an easy-to-use but flexible wrapper around reflection and introspection.</l:description><l:license name='The Apache Software License, Version 2.0' url='http://www.apache.org/licenses/LICENSE-2.0.txt'/></l:dependency><l:dependency name='OS X slave installer' groupId='org.jenkins-ci.modules' artifactId='launchd-slave-installer' version='1.2' url='http://jenkins-ci.org/plugin/launchd-slave-installer/'><l:description>Adds a GUI option to install the JNLP slave agent under launchd</l:description><l:license name='MIT License' url='http://jenkins-ci.org/mit-license'/></l:dependency><l:dependency name='Bouncy Castle PKIX, CMS, EAC, TSP, PKCS, OCSP, CMP, and CRMF APIs' groupId='org.bouncycastle' artifactId='bcpkix-jdk15on' version='1.47' url='http://www.bouncycastle.org/java.html'><l:description>The Bouncy Castle Java APIs for CMS, PKCS, EAC, TSP, CMP, CRMF, OCSP, and certificate generation. This jar contains APIs for JDK 1.5 to JDK 1.7. The APIs can be used in conjunction with a JCE/JCA provider such as the one provided with the Bouncy Castle Cryptography APIs.</l:description><l:license name='Bouncy Castle Licence' url='http://www.bouncycastle.org/licence.html'/></l:dependency><l:dependency name='Commons Logging' groupId='commons-logging' artifactId='commons-logging' version='1.1.1' url='http://commons.apache.org/logging'><l:description>Commons Logging is a thin adapter allowing configurable bridging to other,
    well known logging systems.</l:description><l:license name='The Apache Software License, Version 2.0' url='http://www.apache.org/licenses/LICENSE-2.0.txt'/></l:dependency><l:dependency name='commons-jelly' groupId='org.jenkins-ci' artifactId='commons-jelly' version='1.1-jenkins-20120928' url='http://jakarta.apache.org/commons/jelly/'><l:description>Jelly is a Java and XML based scripting engine. Jelly combines the best ideas from JSTL, Velocity, DVSL, Ant and Cocoon all together in a simple yet powerful scripting engine.</l:description><l:license name='The Apache Software License, Version 2.0' url='http://www.apache.org/licenses/LICENSE-2.0.txt'/></l:dependency><l:dependency name='annotation-indexer' groupId='org.jvnet.hudson' artifactId='annotation-indexer' version='1.2' url='https://hudson.dev.java.net/lib/annotation-indexer/'><l:description>Creates index of annotations.</l:description><l:license name='MIT License' url='http://jenkins-ci.org/mit-license'/></l:dependency><l:dependency name='embedded_su for Java' groupId='com.sun.solaris' artifactId='embedded_su4j' version='1.1' url=''><l:description/><l:license name='MIT license' url='http://www.opensource.org/licenses/mit-license.php'/></l:dependency><l:dependency name='Pure Java - COM bridge' groupId='org.kohsuke.jinterop' artifactId='j-interop' version='2.0.6-kohsuke-1' url=''><l:description/><l:license name='LGPL v3' url='http://www.j-interop.org/license.html'/></l:dependency><l:dependency name='jaxen' groupId='jaxen' artifactId='jaxen' version='1.1-beta-11' url='http://jaxen.codehaus.org/'><l:description>Jaxen is a universal Java XPath engine.</l:description><l:license name='BSD License' url='http://jaxen.codehaus.org/license.html'/></l:dependency><l:dependency name='JmDNS' groupId='org.jenkins-ci' artifactId='jmdns' version='3.4.0-jenkins-3' url=''><l:description>Multi-cast DNS implementation for Java.</l:description><l:license name='Apache License, Version 2.0' url='http://www.apache.org/licenses/LICENSE-2.0.txt'/></l:dependency><l:dependency name='Annotation Indexer' groupId='org.jenkins-ci' artifactId='annotation-indexer' version='1.4' url='http://jenkins-ci.org/annotation-indexer/'><l:description>Creates index of annotations.</l:description><l:license name='MIT License' url='http://jenkins-ci.org/mit-license'/></l:dependency><l:dependency name='Type arithmetic library for Java5' groupId='org.jvnet' artifactId='tiger-types' version='1.3' url=''><l:description/><l:license name='CDDL' url='http://www.sun.com/cddl/'/></l:dependency><l:dependency name='Commons FileUpload' groupId='commons-fileupload' artifactId='commons-fileupload' version='1.2.1' url='http://commons.apache.org/fileupload/'><l:description>The FileUpload component provides a simple yet flexible means of adding support for multipart
    file upload functionality to servlets and web applications.</l:description><l:license name='The Apache Software License, Version 2.0' url='http://www.apache.org/licenses/LICENSE-2.0.txt'/></l:dependency><l:dependency name='Spring Framework: Core' groupId='org.springframework' artifactId='spring-core' version='2.5' url='http://www.springframework.org'><l:description>Spring Framework: Core</l:description><l:license name='The Apache Software License, Version 2.0' url='http://www.apache.org/licenses/LICENSE-2.0.txt'/></l:dependency><l:dependency name='Embeddable daemonization library' groupId='org.kohsuke' artifactId='akuma' version='1.7' url='http://kohsuke.org/akuma/'><l:description>Embeddable daemonization library</l:description><l:license name='MIT license' url='http://www.opensource.org/licenses/mit-license.php'/></l:dependency><l:dependency name='Commons JEXL' groupId='org.jenkins-ci' artifactId='commons-jexl' version='1.1-jenkins-20111212' url='http://jakarta.apache.org/commons/jexl/'><l:description>Jexl is an implementation of the JSTL Expression Language with extensions.</l:description><l:license name='The Apache Software License, Version 2.0' url='/LICENSE.txt'/></l:dependency><l:dependency name='Instance Identity' groupId='org.jenkins-ci.modules' artifactId='instance-identity' version='1.3' url='http://jenkins-ci.org/plugin/instance-identity/'><l:description>Maintains an RSA key pair that can serve as a foundation of authentication when communicating with Jenkins</l:description><l:license name='MIT License' url='http://jenkins-ci.org/mit-license'/></l:dependency><l:dependency name='Spring Framework: JDBC' groupId='org.springframework' artifactId='spring-jdbc' version='1.2.9' url='http://www.springframework.org'><l:description>Spring Framework: JDBC</l:description><l:license name='The Apache Software License, Version 2.0' url='http://www.apache.org/licenses/LICENSE-2.0.txt'/></l:dependency><l:dependency name='Robust HTTP client library' groupId='org.jvnet.robust-http-client' artifactId='robust-http-client' version='1.2' url='http://robust-http-client.kohsuke.org/'><l:description>InputStream that hides automatic download retry</l:description><l:license name='MIT license' url='http://www.opensource.org/licenses/mit-license.php'/></l:dependency><l:dependency name='json-lib' groupId='org.kohsuke.stapler' artifactId='json-lib' version='2.1-rev7' url='http://json-lib.sourceforge.net'><l:description>Java library for transforming beans, maps, collections, java
      arrays and XML to JSON.</l:description><l:license name='The Apache Software License, Version 2.0' url='http://www.apache.org/licenses/LICENSE-2.0.txt'/></l:dependency><l:dependency name='AOP alliance' groupId='aopalliance' artifactId='aopalliance' version='1.0' url='http://aopalliance.sourceforge.net'><l:description>AOP Alliance</l:description><l:license name='Public Domain' url=''/></l:dependency><l:dependency name='jfreechart' groupId='jfree' artifactId='jfreechart' version='1.0.9' url='http://www.jfree.org/jfreechart/'><l:description>JFreeChart is a class library, written in Java, for generating charts. Utilising the Java2D APIs, it currently
        supports bar charts, pie charts, line charts, XY-plots and time series plots.</l:description><l:license name='GNU Lesser General Public Licence' url='http://www.gnu.org/licenses/lgpl.txt'/></l:dependency><l:dependency name='dom4j' groupId='org.jvnet.hudson.dom4j' artifactId='dom4j' version='1.6.1-hudson-3' url='http://dom4j.org'><l:description>dom4j: the flexible XML framework for Java</l:description><l:license name='BSD License' url='http://dom4j.sourceforge.net/dom4j-1.6.1/license.html'/></l:dependency><l:dependency name='commons-jelly-tags-define' groupId='org.jvnet.hudson' artifactId='commons-jelly-tags-define' version='1.0.1-hudson-20071021' url=''><l:description>The Jelly Define Tag Library</l:description><l:license name='The Apache Software License, Version 2.0' url='http://www.apache.org/licenses/LICENSE-2.0.txt'/></l:dependency><l:dependency name='Windows slave installer' groupId='org.jenkins-ci.modules' artifactId='windows-slave-installer' version='1.1' url='http://jenkins-ci.org/plugin/windows-slave-installer/'><l:description>Adds a GUI option to install the JNLP slave agent as a Windows service</l:description><l:license name='MIT License' url='http://jenkins-ci.org/mit-license'/></l:dependency><l:dependency name='jCIFS' groupId='org.samba.jcifs' artifactId='jcifs' version='1.3.14-kohsuke-1' url='http://jcifs.samba.org'><l:description>JCIFS is an Open Source client library that implements the CIFS/SMB networking protocol in 100% Java</l:description><l:license name='GNU Lesser General Public License, version 2.1' url='http://www.gnu.org/licenses/old-licenses/lgpl-2.1.txt'/></l:dependency><l:dependency name='FindBugs-jsr305' groupId='com.google.code.findbugs' artifactId='jsr305' version='1.3.9' url='http://findbugs.sourceforge.net/'><l:description>JSR305 Annotations for Findbugs</l:description><l:license name='The Apache Software License, Version 2.0' url='http://www.apache.org/licenses/LICENSE-2.0.txt'/></l:dependency><l:dependency name='AntLR' groupId='antlr' artifactId='antlr' version='2.7.6' url='http://www.antlr.org/'><l:description/><l:license name='BSD License' url='http://www.antlr.org/license.html'/></l:dependency><l:dependency name='Spring Framework: Web' groupId='org.springframework' artifactId='spring-web' version='2.5' url='http://www.springframework.org'><l:description>Spring Framework: Web</l:description><l:license name='The Apache Software License, Version 2.0' url='http://www.apache.org/licenses/LICENSE-2.0.txt'/></l:dependency><l:dependency name='SLF4J JDK14 Binding' groupId='org.slf4j' artifactId='slf4j-jdk14' version='1.6.2' url='http://www.slf4j.org'><l:description>The slf4j JDK14 binding</l:description><l:license name='MIT License' url='http://www.opensource.org/licenses/mit-license.php'/></l:dependency><l:dependency name='JavaMail API (compat)' groupId='javax.mail' artifactId='mail' version='1.4.4' url='http://kenai.com/projects/javamail/mail'><l:description>JavaMail API (compat)</l:description><l:license name='CDDL' url='http://www.sun.com/cddl'/><l:license name='GPLv2+CE' url='https://glassfish.dev.java.net/public/CDDL+GPL.html'/></l:dependency><l:dependency name='Collections' groupId='commons-collections' artifactId='commons-collections' version='3.2' url='http://jakarta.apache.org/commons/collections/'><l:description>Types that extend and augment the Java Collections Framework.</l:description><l:license name='The Apache Software License, Version 2.0' url='/LICENSE.txt'/></l:dependency><l:dependency name='windows-package-checker' groupId='org.kohsuke' artifactId='windows-package-checker' version='1.0' url='http://kohsuke.org/windows-package-checker/'><l:description>windows-package-checker</l:description><l:license name='MIT license' url='http://www.opensource.org/licenses/mit-license.php'/></l:dependency><l:dependency name='OWASP HTML Sanitizer' groupId='org.kohsuke' artifactId='owasp-html-sanitizer' version='r88' url='http://kohsuke.org/owasp-html-sanitizer/'><l:description>OWASP HTML Sanitizer</l:description><l:license name='MIT license' url='http://www.opensource.org/licenses/mit-license.php'/></l:dependency><l:dependency name='Groovy' groupId='org.codehaus.groovy' artifactId='groovy-all' version='1.8.5' url='http://groovy.codehaus.org/'><l:description>Groovy: A powerful, dynamic language for the JVM</l:description><l:license name='The Apache Software License, Version 2.0' url='http://www.apache.org/licenses/LICENSE-2.0.txt'/></l:dependency><l:dependency name='Apache MINA Core' groupId='org.apache.mina' artifactId='mina-core' version='2.0.2' url='http://mina.apache.org/mina-core/'><l:description>Apache MINA is a network application framework which helps users develop high performance and highly scalable network applications easily.  It provides an abstract event-driven asynchronous API over various transports such as TCP/IP and UDP/IP via Java NIO.</l:description><l:license name='Apache 2.0 License' url='http://www.apache.org/licenses/LICENSE-2.0'/></l:dependency><l:dependency name='Pure Java - COM bridge' groupId='org.kohsuke.jinterop' artifactId='j-interopdeps' version='2.0.6-kohsuke-1' url=''><l:description/><l:license name='LGPL v3' url='http://www.j-interop.org/license.html'/></l:dependency><l:dependency name='Guava: Google Core Libraries for Java' groupId='com.google.guava' artifactId='guava' version='11.0.1' url='http://code.google.com/p/guava-libraries/guava'><l:description>Guava is a suite of core and expanded libraries that include
    utility classes, google's collections, io classes, and much
    much more.

    This project is a complete packaging of all the Guava libraries
    into a single jar.  Individual portions of Guava can be used
    by downloading the appropriate module and its dependencies.

    Guava (complete) has only one code dependency - javax.annotation,
    per the JSR-305 spec.</l:description><l:license name='The Apache Software License, Version 2.0' url='http://www.apache.org/licenses/LICENSE-2.0.txt'/></l:dependency><l:dependency name='WMI for j-interop' groupId='org.jenkins-ci' artifactId='jinterop-wmi' version='1.1' url='http://jenkins-ci.org/jinterop-wmi/'><l:description/><l:license name='MIT License' url='http://jenkins-ci.org/mit-license'/></l:dependency><l:dependency name='javax.inject' groupId='javax.inject' artifactId='javax.inject' version='1' url='http://code.google.com/p/atinject/'><l:description>The javax.inject API</l:description><l:license name='The Apache Software License, Version 2.0' url='http://www.apache.org/licenses/LICENSE-2.0.txt'/></l:dependency><l:dependency name='Java Native Access' groupId='net.java.dev.jna' artifactId='jna' version='3.3.0-jenkins-3' url=''><l:description/><l:license name='LGPL 2.1' url='http://www.gnu.org/licenses/old-licenses/lgpl-2.1.html'/></l:dependency><l:dependency name='Version number manipulation' groupId='org.jenkins-ci' artifactId='version-number' version='1.1' url='http://jenkins-ci.org/version-number/'><l:description/><l:license name='MIT License' url='http://jenkins-ci.org/mit-license'/></l:dependency><l:dependency name='Slave installer' groupId='org.jenkins-ci.modules' artifactId='slave-installer' version='1.1' url='http://jenkins-ci.org/plugin/slave-installer/'><l:description>Base abstraction for platform-specific slave installer</l:description><l:license name='MIT License' url='http://jenkins-ci.org/mit-license'/></l:dependency><l:dependency name='Jenkins core' groupId='org.jenkins-ci.main' artifactId='jenkins-core' version='1.495' url='http://jenkins-ci.org/pom/jenkins-core/'><l:description>Contains the core Jenkins code and view files to render HTML.</l:description><l:license name='The MIT license' url='http://www.opensource.org/licenses/mit-license.php'/></l:dependency><l:dependency name='MXP1: Xml Pull Parser 3rd Edition (XPP3)' groupId='xpp3' artifactId='xpp3' version='1.1.4c' url='http://www.extreme.indiana.edu/xgws/xsoap/xpp/mxp1/'><l:description>MXP1 is a stable XmlPull parsing engine that is based on ideas from XPP and in particular XPP2 but completely revised and rewritten to take the best advantage of latest JIT JVMs such as Hotspot in JDK 1.4+.</l:description><l:license name='Indiana University Extreme! Lab Software License, vesion 1.1.1' url='http://www.extreme.indiana.edu/viewcvs/~checkout~/XPP3/java/LICENSE.txt'/><l:license name='Public Domain' url='http://creativecommons.org/licenses/publicdomain'/><l:license name='Apache Software License, version 1.1' url='http://www.apache.org/licenses/LICENSE-1.1'/></l:dependency><l:dependency name='activation' groupId='org.jvnet.hudson' artifactId='activation' version='1.1.1-hudson-1' url=''><l:description>Java Activation Framework with patch</l:description><l:license name='CDDL' url='http://www.sun.com/cddl/'/></l:dependency><l:dependency name='Bridge method injection annotations' groupId='com.infradna.tool' artifactId='bridge-method-annotation' version='1.4' url=''><l:description>Evolve your classes without breaking compatibility</l:description><l:license name='MIT License' url='http://www.opensource.org/licenses/mit-license.php'/></l:dependency><l:dependency name='init' groupId='org.jvnet.hudson' artifactId='task-reactor' version='1.2' url='https://hudson.dev.java.net/lib/task-reactor/'><l:description/><l:license name='MIT License' url='http://jenkins-ci.org/mit-license'/></l:dependency></l:dependencies>